P_twap,P_usd
94.33349809929723,94.01552094452154
105.19934901790946,105.07836508114272
92.78516772882043,92.17240577741562
91.04611111076498,90.55951611027358
107.98540371272307,107.77267368170595
92.52533295762446,92.41068722736544
90.7596865516472,90.20061687736515
99.41566014616099,99.2992015696559
131.9013688574938,129.4426730317918
92.1017066080811,91.94617121640083
95.02736216586307,94.87837213398824
82.03750866155733,81.57477006552236
109.55659162235553,109.20240685469629
93.50397449516916,93.26558829011135
114.26056881164561,113.65979948855662
92.11790840193,91.9149490337475
104.0132184528734,103.58396492537973
98.92178869307348,98.59239478270106
94.53475537990276,93.80027932270022
103.07594012629765,102.75740211735864
77.61634301716434,76.41166406750003
103.31851071697385,102.97154570213
107.75277676697823,107.50839246676188
107.12624392650366,106.93241735855976
104.78810198333812,104.4911885695575
109.66414888715512,109.43594927672379
109.37573382718764,109.04592757487949
97.30836340054279,96.89785392471376
136.12094506717713,130.12637644630558
90.28946822516217,89.77268457065233
109.25714469719222,108.74564166015588
81.75765006143897,81.00274607430836
102.89301068167204,102.47838998276688
85.9700902750481,85.123256355385
102.6515458170996,101.83840820859994
87.64635263708195,87.42309696048648
104.07284144709317,103.73058915793727
106.59646666565114,105.6440115954802
101.65523016388204,100.04534283469836
92.37020374856463,91.54647073814589
103.90788905740435,103.3175185636619
98.54436983936803,98.33671271133426
114.12267784572896,113.87768890946425
103.35990607048882,103.0131987666004
92.82635945614236,92.47447097171485
91.71906593348368,91.19016496500775
106.905436390016,106.34989014348929
109.98520770932438,109.57364085569552
93.09064303367622,92.8140398287758
102.50570402757378,102.2378560185211
105.60244234579109,105.46836687161485
91.25327641740814,91.04566137959596
115.45613597543966,114.27583757236064
98.85457822747314,98.52443952355635
82.84077479567053,82.40440830826103
86.95973949626764,86.23394929228719
105.92305449493048,105.10482549673719
112.67437589984125,111.91742998888884
98.70668503278053,98.26662972016176
98.76357407141789,98.1873885385466
107.50482123925298,107.4046126010713
125.15991206426841,123.88875382676895
109.37706806685343,108.83107135159509
99.8945314458598,99.73284167864712
102.88067161808728,102.31931378863038
99.17753896327952,98.69904149899118
105.75819270691491,105.28090386922528
103.92662500921676,103.62138764236931
86.35547547094174,85.5557246253545
110.90961759638716,110.47989389374908
96.05652509564308,95.88638006329064
100.16136337093661,100.06357342733429
99.301160435053,99.09406479188345
94.1666406638328,93.54732696571398
102.9940042022257,102.7124868639502
104.00600774582038,103.05696937993528
94.6623316206419,94.41104970305385
111.87354572275395,111.43514614717847
96.20941247247559,95.65567111794172
97.252672108182,97.06332966328556
101.81244384565953,101.6800549283165
96.14699210493795,96.01062215544847
100.78063390981166,100.28847595610647
103.35474982121463,103.07237132852563
107.10829849936391,106.82040984005373
89.09217196634921,88.55786881359032
101.44378465854636,101.25253347827189
96.91147458243705,96.71176435059054
120.77642218632201,119.97425725479253
104.48707987454041,103.99002742735121
114.87519933010662,114.29167205417394
97.92097483619749,97.53781379546155
83.37752433506104,82.00528931229404
109.76010103983992,109.0655699713
98.99052340440744,98.68004864675261
109.90940394780662,109.8089190258852
97.76957317136574,97.59897086099346
99.19443362341944,98.99473587928466
103.7235380588342,103.36907294300127
77.68928686682544,76.95931307625423
99.02620617382718,98.85086286796076
77.96868255444998,76.78252552221392
106.7890183733098,106.51571895793359
92.56471114436302,92.3778810358189
92.43022218370298,92.07321562684433
111.35747902665827,111.163743746427
90.59521744737408,90.44541295957391
84.99200705579176,84.3442731779002
110.70637102486701,110.08675723418618
105.33174501910253,104.35256609103148
92.90450838599595,92.72761575766224
104.78095657479129,104.58780547825847
110.76116466694336,110.32192109541492
91.36268594525755,90.97648583188213
92.14536724874756,91.96804949576202
107.69500095946144,107.13544082163872
107.88344082680129,107.6778253438557
96.90324191199784,96.83203206465062
115.31546566629001,114.77547228113455
81.9658046933726,81.27184121771255
74.53960967557745,73.18310630736505
110.17037899007134,110.00603192021379
92.79094735288723,92.56355674002509
88.5056650675435,87.85739670655914
88.53606717075156,88.2891810306327
97.3285838231739,97.03560568221197
88.43158532722587,87.80717887795073
114.9880460243394,114.11795355269143
106.61696133850563,106.39912574750817
88.87416580718634,87.84526732816681
95.47848316656408,95.13345510909522
138.00029504642214,133.76474301205127
100.19860305628677,99.75421231981977
103.17467075084403,102.96729164203627
103.97601086011045,103.68695114015765
91.13257731797118,90.73338780136447
79.78639440946897,78.64146530199723
89.07577508927135,88.14301118452599
101.40815685593702,101.20046386623866
96.82401755570291,96.60288922841337
99.86803172818097,99.377848037353
105.45090347197825,105.01528154057584
88.1479154418221,87.61158823271663
104.81011092973634,104.7165021246719
122.59972990113377,120.20096821439374
106.63465455117495,106.34128867982723
93.79287993662584,93.50961131057545
103.95148810401321,103.27596323122648
103.8387404008501,103.60259946718931
115.02397551769526,114.76506715592848
88.75475057788485,88.39342453241692
127.70356663250688,125.36130232295204
112.88493103092775,112.37205677975447
84.86449433691541,83.75553842251044
88.01871964362869,86.65001398542479
107.01556475082593,106.53259107969389
91.05736542018775,90.64836082707185
94.40295881310014,94.18594452810412
96.09624583646549,95.88181785676126
101.14328073144532,100.6448470517766
88.40818477129874,87.90985785228021
90.85261725207886,90.29420858887119
110.8150753540497,109.09021607575067
92.45761250204015,92.0248003334358
113.26570575357417,112.93871251678722
97.03069276878465,96.88226009508632
117.86258962729119,116.73874804745543
88.50501142017114,87.73762061276543
98.56948203409095,97.50889701799863
91.31610338281733,90.93061602861884
82.82845742847441,82.63635728493114
103.61084581424532,103.36843101191148
88.47426403657295,88.13414125443676
99.31276127326524,98.91457370366463
91.79186506473442,91.4535783187797
103.23344394803986,102.52133528433737
108.76159546526642,107.85322572229238
119.24370993507009,118.18309853011962
101.85264329271172,101.64052719273523
89.2992598188494,88.86057009729868
98.51612322472333,98.17005854000321
90.05151226182534,89.28820619813403
85.44867912724047,85.24135314160382
99.7421872020345,99.50375382441642
96.83561982051613,96.65038751214162
88.98582160194701,88.64449233207641
95.54870832726445,95.31420760441235
106.28948163557435,106.13600494594583
101.73469018383572,101.4151439053846
105.90304507698255,105.44644432845895
101.64635554832597,101.46250095162254
100.45348664401997,100.22427969021666
101.38463790736718,101.09235598142048
83.38375485016896,82.49004440955103
104.59909425873735,104.2294369037071
116.29022287335108,115.96612254517485
94.62270180975962,94.4898595771698
108.90751863541324,108.47643536381419
110.89675583246364,110.34189787363779
96.60822582500853,96.49974606689797
91.62960752035,91.4151709170093
92.78879954106307,92.57330594286458
121.12643522485841,119.34203076277267
83.40978666034334,81.95041603663498
99.09333627248915,98.64908138188653
90.61693096371737,90.24489606986555
81.32206859626983,79.61099245586693
105.57291231223384,105.23425505432408
90.94554032040645,90.6172427749534
83.6020746178572,83.37490249059127
84.75641329508697,84.22842282057299
89.4190556998477,89.26178596106298
101.25750826169832,100.88464682380902
102.40700143077231,102.26510294720529
113.85254440662007,113.05328637803248
93.51440284248399,93.43776813904455
99.43522876175848,98.9415612267731
101.15941619162946,100.86811845238515
85.17086100592121,84.67970726566608
116.0944116158497,115.45513165860524
95.94908869120563,95.76916521988922
130.67308133122356,127.55661600251183
107.54882736008665,107.0850089129101
99.06487505447119,98.85506365530946
95.70480060651117,95.08659782908522
112.15831655554074,111.84339133177241
118.80739451329991,117.17107459925911
113.86811434323104,113.49460149975889
93.31661262268841,92.71907460096008
88.22344900429735,87.74830984595108
96.10345585361365,95.95830606015983
103.17031623067669,103.02304045104323
95.08802256854202,94.96545363375493
74.0824714501491,71.90383184460165
94.16706061643015,93.82019759488881
96.98644339687262,96.80403396988683
113.49432902439429,112.15205521103225
103.282942510934,102.4039274110827
103.58885231796923,103.29078312241946
112.22058451125746,112.10372468056616
85.11256384154716,84.62572857021624
95.67674860316392,95.52333186175541
96.84057953306859,96.5585388757181
107.30348054614564,107.15642090902979
88.50707572226014,88.25564147082947
97.97340259333465,97.87399521914593
104.98284033677045,104.07447677452566
113.77482160858418,112.57733665453578
111.01867730443487,110.60251336844203
103.370382664452,102.9985876014007
107.67215574024982,106.99379542410459
101.48415972820574,101.29367814162448
98.85649694434028,98.74342866003606
113.90592117077212,112.94843229119296
99.60610745266375,99.29462663876778
95.25509869935478,95.01386679504303
92.24370179240876,92.04802741038749
90.69619809988404,90.58063524525474
102.67237805349927,102.54475627239769
84.27701936363792,83.86136099832393
85.14537929787186,84.21917252466235
103.41768869691363,102.7875873013021
93.00583532089833,92.72478235381082
95.13696364396058,94.97068728919504
101.5172420140731,101.27510599276286
99.44607604600672,98.74466234383017
91.64484867302984,91.51568534640762
96.7313245262119,96.41127493303968
100.96045826361124,100.62458719990944
96.82860100669397,96.62704621742864
93.97372121071874,93.79904216364221
87.77287642681392,87.63735244253725
100.62821017901112,100.24676162381935
111.56109370434956,111.26547056006882
100.67535461499334,100.21113807078773
116.82012698466312,115.25040741659333
105.75814278256823,105.64295919411433
99.08341236404611,98.78471594999056
106.02684137223858,105.66853677053125
89.92893286973829,89.16384995828983
99.76460411274213,99.64045832765088
118.88766302990105,117.73723969351244
95.72497086287215,95.47627728236489
89.5713811678519,88.32699396239768
87.22431597045171,86.88766414384855
77.38171136184587,74.93561639089758
121.75501150818782,120.57306555748403
90.91324539529283,90.70032046524179
92.10310397600219,91.95661013506053
95.8192221213533,95.72764898501985
108.2962990265157,107.87129166370076
108.72428394241206,108.46846048455629
92.94412424912421,92.4968674938799
108.9097488467145,108.6003561307292
96.68416157336513,96.49825222297348
89.41764656211136,89.12873508012684
88.01358556672135,87.65792344582556
116.8517821484277,115.24831380377518
92.35736213824444,92.20686537202882
101.5933078380263,101.4795970116962
83.1378472755734,82.70165954217572
97.45646364790076,97.22741517658558
102.95169380665104,102.271233738577
89.13141626844116,88.90236033853286
118.93789153225264,118.27478405316563
134.55893924041604,131.49079094133202
91.18873740835934,90.30148192913916
111.62097254241496,111.03146994579598
104.12563422423857,104.02656318050263
107.65284514326721,107.16388605130444
94.87181790854783,94.03997977319473
91.11954437291452,90.9337305122106
110.8942058855996,110.5650855240543
100.61487418222319,100.08578155497212
92.49133758646256,91.81208309332196
93.0747167921697,92.81504290399322
90.16707722812525,89.975714726897
88.63641999232311,88.38181412854951
96.13464090382138,95.95515803153293
102.19482353067288,102.10655074705681
99.43817408780674,99.18109596250493
88.52883797826225,87.80937514159534
89.86054644727176,89.67265214870919
100.44020723347396,100.34416452904058
93.92873051155367,93.65007703553677
95.17739709476812,94.66521499412946
84.95527855182728,84.21785465958412
115.73621187873924,115.34867486193757
121.41843134049078,120.86018342146345
86.39882431853215,85.42826499374299
95.27948191437987,95.01261083305911
107.76805863908811,107.5960587466232
105.76605251213645,105.62563233555804
100.5002876386914,100.08694482451624
90.15982079212424,88.56195771617875
86.44952415665017,86.28700698838963
90.07808167288474,89.87013353977622
102.90264435232197,102.71896932019061
83.62211215484056,83.31577181590814
86.75531236661529,86.35390118751208
116.44575315470831,115.87987027890351
94.39782363397322,93.8438531790232
107.16959469942,105.44065340583104
88.52141910725179,88.22569376356847
92.14814274226055,91.84362714643555
102.36672633860415,102.2674526806206
115.70176220723366,114.44521115012941
91.09384381932401,90.47604676773044
98.42654547257972,97.65112462808712
91.99652943688744,91.69238061543393
84.09517067345992,83.83179924324925
107.07562415327575,106.86870983842168
86.34851549353095,86.12158743905664
116.34371325510884,115.05532426645729
120.45310605909545,118.97833021743637
95.58040244845844,95.20487220031792
93.3608559802668,93.08457845160036
103.58284782178917,103.32978908445376
90.40762420764901,89.96279367516367
91.77767724832324,91.25990387010306
116.32113544426419,115.80008009776789
100.90527825104229,100.74709035459294
82.70494653526038,82.40260031445841
94.30253949598686,94.07384332731313
102.36294770067408,101.93286414126311
79.32725036307971,78.06683416684936
107.5917812577387,107.18732754302404
114.23216571098857,113.20088856205007
90.65509396624694,90.22323224682086
112.32900452826942,111.70916327064543
86.04503243016647,85.31174371798286
82.82527310604748,81.30904519219928
105.57584846786236,105.35473052528214
115.23233223706264,114.82193694771192
79.23010081073254,78.48427755415571
95.87894212334166,95.64556377409626
104.1329122734701,103.85733575047503
115.7651902857601,112.60222724437398
89.39988927316526,89.0109248694571
108.58677695344846,108.34952245591273
90.7342133364601,90.14405025768399
83.78002511652429,82.37427546575464
109.6881856579635,108.91812993247616
94.03078917853453,93.32293235806665
89.62719294261048,89.43703691485479
88.97788819247702,88.77706815472372
87.4720420732396,86.97250705052818
99.74309470418076,99.47834965076451
79.88047265464512,79.17509934190896
94.01546293882096,93.58662776231333
98.32201380534232,98.04257666172785
110.2530071636874,109.40771687739424
92.12173558665175,91.23074443042263
111.50854234795689,110.761792829419
82.29969885757713,80.80205563327792
117.01041372923433,115.88942076493568
95.62733629414595,95.27282920905843
93.28293664689949,92.95845533378844
112.24656055708682,111.61818655214357
100.92126579284066,100.10468733087559
103.7295698541687,103.30022954506259
96.59979336854654,96.26388147439518
91.7980208269763,91.5129834460289
84.94938232328379,84.71847670197188
87.99714294504919,87.40563388529895
107.54734594560333,107.0491745915613
91.54552536463187,91.0564796034243
114.97884856972732,114.30008545692796
106.60472541932269,106.39362641172528
108.06613483572669,107.6634578680339
88.30717074064565,87.40277801493674
107.87151862428992,107.58097768256823
123.6008344971773,122.86405531240192
74.8088449536359,73.48988909220417
98.36124158955194,97.79281888084779
97.67061847432507,97.20260351599882
121.4152057246872,120.64557427792857
95.63287398581217,95.5008205293798
85.4148035000409,85.15171651126288
91.89806011179975,91.3774579845337
81.08232744309792,79.41796538065871
90.19228228294394,90.10193533830144
92.30372008536366,91.91193737955736
89.2787612069512,89.02795389884785
89.48991467509858,89.1660288225161
107.65308143369283,107.25190566093855
95.04383625376182,94.63536538969444
88.06005650471926,87.73282421191647
109.9171226686743,108.79804816767559
104.98439054102816,104.40951434723964
105.9747078905565,105.74870782219199
92.5035293541295,92.15524300594201
78.63244788742854,77.35716797832413
107.653782119852,107.46102223711719
111.74968494939827,111.5647659379934
96.222608877719,96.02520991835836
87.36490656731324,86.83065341763115
85.83085660367293,85.50149660801229
102.61063270656233,102.42781503324082
127.76573496229808,126.16953907210376
92.75569788779804,92.55998839160321
95.19998003164677,95.12918699177544
95.61113396198805,95.3639832736478
111.54023774838558,110.79115980563901
85.53346006504808,85.04380467380409
97.06346705388106,96.9022782222049
88.22616442098594,87.6060654736967
119.47162408593529,118.01908651973338
94.67192444549723,94.585189507135
80.52910098635533,79.9636359174531
102.19690516466525,101.98137624600734
112.89121234850468,112.29105598902656
95.24940353071649,95.13131022280571
98.03966205977868,97.28550743953488
99.41724634352971,99.12034614067039
115.69736399381964,114.61785266000375
101.22319051745204,100.9749971823171
101.91683379904613,101.82733329078148
99.4338244119248,99.33755665068801
98.21226490875124,98.07194051625245
109.36928120960026,108.2910443673599
97.6550516366889,97.1681875405557
107.96656044275633,107.54558864789969
107.15434848411975,107.0160223707354
77.87445001101253,77.32840471178679
93.36657296929486,93.13898469357521
89.22273087954977,88.77280437475018
94.28719270589917,94.03037866256153
101.94986095223922,101.46840721413643
86.85582304462416,86.18680866622198
100.20195735839677,100.15482886118055
103.68822950497754,102.93039036537151
95.72730460941239,95.54785432793466
119.79478627038732,118.85739762948322
97.73256436814079,97.45179209297189
118.57272157504553,117.94866010978416
97.9219193354664,97.69566266013571
105.5503481373329,104.99168202741755
84.333858228498,83.60229187817417
121.96231410727442,120.66963117287945
83.99706327622336,82.5251474411465
96.85352311342575,96.40793673433663
94.83508945657559,94.52217488846168
114.11198162156867,113.60220323350907
82.95109767519456,81.72276937782394
99.84503412414627,99.57306964322702
100.68308479828237,100.53975144636668
85.56584814022708,84.99554268659726
99.49985203115195,99.14002328604741
115.04716337513129,114.49833036822163
94.85223626571975,94.73671651692267
96.00220468895279,95.87187452454928
100.5584592030829,100.29697571108096
97.2809414262235,96.78463480463056
82.520262088677,81.35660312434368
103.31312446655849,102.9125617235528
119.40583921567959,118.93968505075549
94.40582755268217,93.69334399973549
92.1483208061615,90.96765441788872
81.77101129735614,80.8813399202028
102.63592945067973,102.47275592227147
93.19450792094176,92.62687459433258
110.25155018050152,109.99641205650211
93.61050734819364,93.30345909031031
97.15790715217034,97.03436740493032
118.40861026462716,118.09877529099107
102.27804980506976,101.58790902802804
93.12176388796327,92.43056363934657
114.51607162114342,112.98916282048302
83.31517667297356,83.04096161295102
115.46435452143143,114.90285009230894
107.49502192181602,106.69402020339648
118.95740747408695,118.33270801633626
88.69024983313813,87.86564958379077
101.79043801254667,101.70559280154696
86.21654786505651,85.9732477530275
95.49951565674576,95.10570442513642
92.28852535008123,90.92574980140999
90.95264624332927,90.68440882306064
99.11323243430526,98.47215488236084
86.83106938041338,86.34771468990844
91.57249651983659,91.25624636695402
104.17886119792222,103.78687636864967
89.351424233379,88.12390121670487
119.91259539353179,118.44551569055518
110.48843380025453,109.0417357723518
102.89076558431566,102.24141172533545
87.79281916167179,87.53516507331884
91.9257547568804,91.62799072865518
93.05979135982004,92.84013994437979
119.67515365492694,118.74615308451563
105.81393393425822,105.31689295514906
104.62862549160444,104.42480060121352
99.00560414415285,98.88277629366424
98.76700245081314,98.26060325436102
106.42488962209964,105.64640061935033
94.65030124202232,94.37103798733969
95.32411341286073,95.00135887132038
98.5891100329969,98.52215477997379
112.37318152029746,110.82419129026641
94.81414640136718,94.48032244704925
92.57116104755896,92.26777229436223
119.61168084724525,118.25498758003641
109.85060221145243,109.65489892399438
84.77230915102494,84.28846349052307
99.99602439916144,99.92716438909908
91.8069158811833,91.37917189967703
91.22285383767058,90.98028528389017
113.87442228174037,113.58751236744749
97.16278815114671,96.76070123002677
96.14450308982747,95.67427024662526
113.40180094523022,112.2338979506245
89.85502790799966,89.67401657136946
95.18617837334278,94.30403326532742
83.21533665494859,82.84962445289216
102.89095621770043,102.6052684089184
105.97954684203825,105.76383861394544
112.70048818503673,112.13643373517058
77.88430939728781,76.64157031335279
100.42976420907254,100.15121018948346
102.48219597955358,102.2161836929966
97.61784832685855,97.47137427778004
93.84532517965617,93.75043187660434
98.18858083348928,97.67923284716586
87.3306940892693,86.88841552731792
103.34565502924362,103.07527679581914
98.57084839090321,98.34886664135712
81.08942069813732,79.69376683700794
103.24150840049137,102.77994112950253
98.51916916533024,98.40119225606584
95.38750042779326,95.26276326482538
100.77774328844313,100.594759033425
90.23294701242493,88.81510969465472
100.31460081566719,100.11912003640049
103.46912917455921,103.24197541457688
132.77255284649962,131.71741383877074
83.9714342089314,83.37098380623486
102.43456068072234,101.91021082916272
88.01744683179625,87.2338872690398
105.11236253483848,104.7644469719497
105.86425390327071,105.68258526811319
106.7966636114423,106.63901809714483
86.06968281363422,85.67962578054332
81.90713465118456,81.24126759919781
121.62169209722491,120.41025504075434
95.60669189081719,95.35578430846213
100.11732492613052,99.9199434600348
129.37010186686177,128.26434407047003
88.32277571810673,87.47175735149371
96.52787120756088,96.27408972855623
99.10372599091659,98.76745803876878
114.71979681917267,114.124808089849
87.6013999059519,87.35040016367773
101.89049659712379,101.32623196860892
109.08498552883147,108.94569300958048
98.93684063609595,98.55910280390182
92.23825532464771,92.13466609906536
101.23336973435033,100.89043753505204
90.5718596719957,89.72067736438082
101.2549825831249,101.10770921472742
95.09769877499073,94.57798053256597
97.82773217088403,97.42916364761538
93.87407482542649,93.65043670872538
116.64594717653678,115.8706639431194
104.50635742337577,104.23782939910666
77.11305813498296,75.68779716154253
105.23066898075326,105.12590778278788
105.23660171735713,104.82149778662279
101.39718187008795,101.24456635986809
112.7130184075348,112.07783964010423
90.41444859338725,89.56514021889518
106.92015510344801,105.95696628502913
102.61545060954013,102.2014045673939
101.75017598841836,101.29832777308587
91.89937473596396,91.49731910838742
90.00806482844399,89.1769844402074
109.45863509952281,108.6649001508949
95.32341039430149,95.20728489578917
98.58298303246775,98.33407281419831
106.07172153840297,105.66714399027613
99.14959285009205,98.99308067122494
111.44399770071695,110.82564756073208
107.81496004224722,107.33913892011891
101.1669394253767,100.72680684541578
84.93815925029655,84.64051532357097
100.6562969192988,100.46848490712932
96.69593503262334,96.56893589922775
106.9676509138884,106.56848611036037
99.31525680644808,98.9330141072536
104.08561466795494,103.90662841110992
101.14041620211911,100.86605426636284
104.69454112146586,104.1926081744142
112.01659063698305,111.37290997056084
89.81110205435596,89.65768868246224
106.45585510197564,106.22944544053648
95.10097197295623,94.71643456574358
102.6439243503783,102.3152865818578
118.73086412511554,117.48994502924783
97.47827957632062,96.95495651923912
110.14024332475687,109.35534714426794
85.88415377089582,84.50014946720982
99.08339992293399,98.76868677316595
86.16895486811507,85.23250558598005
91.74317440800694,91.50374730531725
100.60632626504601,99.95269574392823
120.25104075973714,118.85160502591867
96.5316719852712,96.28121149854445
112.93039713994298,112.5838839954543
96.72544363935046,96.58248873868945
113.37283851614887,112.85604875670978
85.99246487454488,85.74880263315316
117.40111016619204,116.70527959261308
100.23290286478664,99.96349229706345
112.33716158013247,111.8851370695638
75.99922831949179,74.43700978258458
77.0848974382851,75.60612490968981
101.65028439370583,101.41794549930707
95.08926954678846,94.0399115028049
93.11129214634606,92.98481892310427
87.05507670378698,86.69461902570664
99.4056674336927,99.10057017889397
97.03040929933272,96.7794853909759
105.16962957728765,105.04703102119863
97.78210422325598,97.34968826932811
104.85133736719703,104.6113433675459
95.90378588756847,95.61153701586659
94.9871909803749,94.83178419114608
110.13274214685492,109.70698548142393
87.02388963015015,85.8274302188316
102.62407320254661,101.14452128560542
110.38993697148948,109.07156501025794
82.94195035827273,82.4656237435292
90.29830301939947,89.99030578038558
93.89809332389663,93.63164004738191
98.06560780209777,97.60764474560922
81.05995152183564,80.06198171582109
85.77347333121254,85.37964725766743
97.81808777775659,97.37864448727866
88.42637404596202,86.71546740664606
82.0197352113066,81.38218160516145
94.29787724833332,93.90630510595636
98.31603993024564,98.04218786321005
101.02690869343586,100.46230542327386
92.9487295094652,92.53588507301504
99.65491984328833,99.55039631938384
97.16680816311128,96.580373986797
78.49489208404869,77.66249156922265
83.9950368361271,81.4762374999008
84.1844543427774,83.3101198029608
122.8124308552687,121.30307289927154
95.81152494908677,95.28835182289785
102.04997690351334,101.75523101470894
110.73817084098839,110.03752059593575
131.7873198755368,128.17122760946884
100.92922368997459,100.53639035282335
95.88322741273005,95.53622248153256
88.21529248225815,87.33576217129475
92.54778109873745,92.20518424748336
76.50675528192399,75.79423234261431
92.42308459764718,92.04337221087201
79.70315079124427,78.97813474908173
96.47832154936228,95.81995947867598
112.50958855351303,111.50487098159837
99.25996114063895,99.16193630059904
103.54146187946853,103.40030111111918
85.68413874971829,85.39065092807431
101.13551826926657,100.91257858330982
109.472407017492,109.25152341653974
131.8588014496962,129.5633213271633
92.16257908657796,91.87575563470324
77.23277095647934,75.94228658013162
88.25913293583673,86.70888452062518
96.62843716845882,96.31713684553662
112.47972207382797,110.37511117316137
97.02059847582386,96.41799101157854
121.26944234948766,119.06021706565787
92.02789137782517,91.83022754113891
105.8254633668096,105.6303967079647
92.73778653741736,92.15796279429786
109.06082201625468,107.74009985398295
92.9759370646123,92.73478783790578
104.77085222734605,104.3211567045971
95.52963636906668,95.03096414593803
96.13678754634968,94.87569865057166
90.15682507120755,89.80910833374645
108.00204953736699,107.6398853869552
99.3022926993386,99.16480568437817
83.55547450166551,83.16973074382412
125.61084810441344,123.51009599301716
96.67169798804137,96.31980906855294
101.12408939774808,100.8627836051468
85.70774878702714,85.33262079192633
106.58267645857795,106.35420732460925
97.33329412677216,97.15964592851164
108.89451917509406,108.06003800567105
111.92336858761549,111.22201123391051
99.30329373932538,98.85020098825704
95.04448735178774,94.87989641728383
95.07194125248967,94.97715756581668
106.4120179499942,106.00351368330033
115.83659297438787,113.84492287154396
98.37850979016919,98.28212112062658
93.3196649953667,93.06148096458342
105.77257755871024,105.56476371965813
100.53692035129454,100.2672762026842
97.67278459133333,97.57204589451779
99.79488585860891,99.3889913961303
98.39677475388254,98.31991337474182
98.44944457216378,98.26564762569689
90.00769937501617,88.13730145645273
94.201149901879,93.93147213749575
91.5939182288824,91.30047621205217
91.52290171984872,90.0843368193514
95.42642991182491,95.2035727163125
96.30874260907179,96.12872246827125
79.26629471658661,77.87649386328088
98.6594327075996,98.43216831696868
105.85381289926144,105.56268572265485
100.2657027397913,99.80912784660153
75.39288235967187,74.4889174341332
99.40866506424777,99.31578458513927
92.71944835056637,92.38428311014775
77.72325042234702,76.47307537490215
88.13726276688259,87.88861571431747
83.48394115540081,82.5720808631866
109.80212119780369,109.43303176138838
106.43007074520051,106.15335710575056
102.80792983464279,102.60959065315399
107.58648644012374,107.07823931847568
116.02357487684306,115.34331544917288
121.38527830610546,118.35215216997547
98.37990152987365,96.9069619312888
118.16056237133759,116.47636490321996
87.07513103098674,86.92071694582503
107.9076264772766,107.41875215911298
85.44763865503074,84.94554180145425
98.3399324498527,98.1319147457887
114.42503024914309,113.82327612158163
102.07748232649779,101.45769809256406
102.75492129720413,102.60243576439721
114.1929855474837,113.58884733510219
92.372995513136,91.8407794451038
114.61074012007336,113.73364687909692
96.80564269322711,96.58448991775118
115.92078586570291,115.286040679828
110.5130569052987,109.92752325635978
104.77605726765293,104.14256856633655
95.76747665401935,95.18498279602059
100.4971936901518,100.29531018589222
95.09617230562236,94.44468850994548
103.14250683498746,103.00582495150637
92.43214577630954,91.17306077457825
98.4290410527686,98.2246870406837
112.20585307057334,110.43822897631283
103.8060565501241,103.53184723883504
88.49529066260408,87.64595750704692
89.03988672435554,88.11823808854697
94.02949010837236,93.5733033308657
120.42482554781925,118.17097512449857
88.42281628112022,88.21441329135075
92.27197306184645,91.84324332498754
97.72980290102711,97.25563978892004
112.07756487346882,110.91097773678214
96.03860491402833,95.23175158587925
99.69839007731024,99.47956653537466
97.94471650209931,97.37390038942932
81.28276465751034,80.7272123292498
100.74664862901706,100.66755596164806
103.40457167178074,102.74947328638953
98.22212703764751,97.52071586649241
87.7684946682887,87.37524037994037
112.44119732263349,111.44585281965279
121.98994252095962,121.283995188644
101.82335568316068,101.16512223709671
96.33794672052731,96.18842938457645
91.32623982883246,90.56670248515583
113.99307955994796,112.96547642971042
108.27036120960061,107.75216130614818
108.45406345132824,106.40556562891236
84.09005121753525,83.25118405665359
93.29975986547558,92.77712441660539
101.51746335348254,101.39245595044218
94.19640900504339,93.74836347866541
102.64104278039993,102.58090058289193
109.94659125577112,109.46024180938086
85.40252482486477,84.54041631009459
98.86957349465314,98.68011076173742
99.44520539674492,99.29561138917354
105.8220493264141,105.41249765841368
107.58975438247178,107.41420656679588
119.89072848789992,118.913857210314
89.55618377791566,88.96337298168083
98.96073114156445,98.75770658492162
90.87055612115367,90.51668876345136
95.68273396432829,95.4833847115535
101.7083547126043,101.41876556434266
94.66472140435884,93.22114499851705
111.43041078534179,110.99593101500267
95.99031570608642,95.86723691138633
113.88266328125995,112.8493578651057
104.17339032256433,103.86295219669762
99.28480966967824,98.73148457785395
94.96261788534304,94.45431318645922
105.05430723254604,104.86639660777844
98.56958764079931,98.26725460695585
107.24960322549349,106.18549465283283
85.31764842694034,85.13731135480553
83.34218485431926,82.92514722662817
116.40660880957739,114.98052001462952
85.99740048154118,85.78998635957024
102.53300093043043,102.32179982650774
88.01671061705542,87.87206780233971
96.92455915305085,96.50287102690352
98.79009205452465,98.2148340930344
90.04080385846844,89.52809136716455
106.36604145960771,106.15036002380737
104.06117156583502,103.8242850391281
99.23948889960039,98.98701463415898
94.23669752806566,93.49593351626582
124.85699168649526,123.7988050683289
104.6393313169268,104.05907327617534
97.57320976442688,97.38093480096724
88.59260205463278,87.99230583836865
114.1918255446573,113.6419972171164
103.20343756004208,103.05601288749115
94.8168058303001,94.56040082232447
106.93894243699846,106.81440835739527
95.20285448783137,94.89228072111693
97.51612738191977,97.3095942110801
111.90317206005079,111.58814621329316
94.95430870658744,94.81347700841727
91.78658627251372,91.49557234225333
88.10957936205689,87.57077922628268
103.0995727361197,102.9217796410199
111.87240278426815,110.83038574837973
109.32663924529326,108.80452248044321
102.53294019668097,102.19586327575095
83.91264131422201,82.85210947177909
92.55655049099856,92.34551258300047
99.50397981553007,99.37498829567762
86.00703049587472,84.92160957540618
100.07935272910935,99.90076087359643
103.48416073667164,102.68171747602727
111.08955256904171,110.76533857538723
101.03953754191369,100.8522196765216
89.30383788967455,89.12955254176292
103.10366170737196,102.7878685954741
93.85605609399032,93.28960037822864
111.2865150590183,110.95128119852806
122.89047846413217,121.64712345557686
97.97766808577428,97.77079170344452
103.5824830078482,103.43524279303583
84.70006060088755,83.49221251041091
90.46566747909854,90.25717151706178
86.7800193589377,86.24119127981552
105.19802806438571,104.74123560550544
82.07273037278826,81.39471336225536
93.14575509680087,92.70029753523205
93.55742160208086,93.26088707459479
92.05692417294405,91.7099622345633
95.53366841368042,95.32937671349292
114.1849333870768,113.5468047788328
87.50028801903731,86.81388980029396
101.63306009578187,101.52280833670663
119.63401405110972,118.51229064002784
113.19439896196364,112.46599002029294
94.06989060532997,93.732035901861
103.44421142954991,102.87542148758537
92.1737449468584,92.03335140424483
109.61124713977195,109.30137245116873
105.95148188586012,105.27900190809663
86.25712574686933,84.64165256266098
90.29325392108743,89.36427324415479
93.69760251889325,93.55295155935899
123.49592264486292,122.43784279254334
108.64694943846322,108.41045627593944
88.18720907671576,86.37081902473935
92.99862556276574,92.47899145511182
94.96514150419833,94.46439697437343
103.91063466451756,103.49654190393817
112.71103600254325,111.62509100494033
96.93247425255501,96.57919317472422
87.65180901663918,87.11629410500733
96.03398372568303,95.80980715641462
82.46570644550756,80.92574874807015
93.34383995825968,93.02831258119335
99.51808070870258,99.05428231386396
88.55135507009501,88.35189012421976
96.83876491329447,96.4818793849623
117.99320374610257,117.18167085196697
111.49071446551892,110.99779845644461
84.83789444954434,83.43410182681777
105.49235190718113,105.34284489301575
114.38987105135286,114.17114559249049
91.80037622281814,91.17099255152951
99.0154317818346,98.82914055813667
86.16577695746257,85.44254769401886
97.43509554567177,97.32561589094375
105.41695290946126,105.19654089565049
95.31747148355802,93.96387106447305
96.85394660199535,96.10806195192087
110.99446527457663,110.58908173951545
77.5265614823364,76.1167296318666
99.20795775089684,99.10794024183606
98.12492844590648,97.91734811073377
108.38383796466633,107.93507354303831
113.15267308335685,111.94619872382283
108.9838893451832,107.55760034396161
103.01376261556402,102.72899993458257
101.52089537456841,101.21422081570105
111.338676066792,111.0419445373357
78.64874350873545,77.56628504246439
90.31777692547108,89.9550257581046
112.44081173783356,112.15373518823912
82.45525682364703,82.09418034310411
103.07510011678795,102.91424604267701
103.05223955073576,102.48971710016426
115.81205599195579,114.85808966806376
104.91714033293103,103.83838268022606
88.28434060159472,87.72016485559384
104.74896412361961,104.44647584332901
92.64787327819705,92.2355483527846
93.84264045640711,93.69845486882824
99.97825040601336,99.77831748021192
105.80065784156021,105.42366775312394
100.77003592249748,100.47704686698627
98.5540131191846,97.88373993085101
99.8514671147759,99.67477005970647
94.56609841977343,94.02914485936626
104.27836360756184,104.06692226822739
105.33271703311743,104.39171285351031
93.3764898946522,93.13834901115848
112.5222679616986,110.99032329330332
93.17570362282142,93.05197211485437
84.78551029761199,84.36189149180115
87.83491096751575,86.88826616738147
87.825997984746,87.50140908408498
90.12441306000038,89.1448454322762
107.23969319429673,106.60754438171419
100.44191608303584,100.19495513464167
101.43430401070638,100.31174102589478
99.30493418874566,98.73221149539846
117.18406093109273,116.52124260538898
88.66187379707593,88.1360999083474
87.47747969569548,87.204447553189
89.2786972363103,88.67641936959176
90.63897901691382,90.38906100720436
103.93467181830823,103.5411348651911
104.06892080251598,103.65912643860659
97.02679431373696,96.76875110571335
102.84144790184801,102.65771516483721
98.5290778020742,98.40627850887942
116.39835076804302,115.75833372240037
90.68620734150956,90.54957829382063
88.17089566455049,87.56787903674672
95.68916758779396,95.50448664690153
111.64287358142614,110.86506793227186
96.69678733689828,96.53035622823684
132.55564724912531,131.13386539873355
102.01602754627825,101.70994522358522
109.64036215987826,109.37867501158311
114.18256214983644,112.87459515083484
94.19957367839407,94.05939730831535
92.67942340952742,92.45491125018701
104.42031940977473,104.12838770183973
105.42990453443268,104.17766706145554
103.44120542156232,103.15260195901216
105.27618354092087,105.14923627752601
92.38204294404557,91.59771904631809
88.94650617537849,88.20924355059856
93.28787755510893,93.13381336472563
108.16497838405279,107.81457291119037
109.68321563190096,109.57100132195006
106.55649002648963,106.29382501437755
105.38066104897878,105.21140599255554
126.73933386511034,124.1630516473046
128.0777760186692,124.1066717491146
110.22399561557705,109.48115779054024
102.89302629672841,101.6862262423218
102.02369200794935,101.36995611661327
104.08421611858681,103.72488809648038
119.6211727022156,119.23876170537329
98.82476745058526,98.51913614260484
97.57839332031334,97.07726132291086
104.25324832508734,104.06564303321672
95.84038443694389,95.29159938509214
91.9365821224607,91.82970873309695
91.71183982888981,91.12624402391396
88.87544410975687,88.66558415484614
130.97200817153157,129.46904844602122
91.41955743107597,90.88258548988856
106.01937920884184,105.57647019528876
96.8973884005021,96.45238580884713
92.6664456108304,92.51094922376929
102.92362722917383,102.14080395333445
112.86440737122506,112.07144555417449
104.52222621936826,104.36219761285162
100.06198638210662,99.78353308156021
94.88967772517904,94.64900725449064
88.50938811217642,87.0321388551235
100.67547846139394,100.55472936513435
108.19132412972097,108.00115974046096
105.06011540005625,104.770670787581
90.86303126294851,90.51005360409468
95.54677822025506,95.43836307913887
85.05826697899813,83.41088859885879
101.43127783486378,101.24837239995719
94.44436335389338,94.27890674082718
110.83756369170186,110.61573010537877
112.13765112539575,111.38161063668468
112.67142434997933,111.84407576744194
88.33992699932669,87.10460260682537
87.36207524658475,86.91171063132238
113.85712218591793,113.31314112279722
96.3202672951535,96.15182522525927
98.25950215476567,98.15370769875298
108.01642925418417,107.43312890386753
98.7020708853145,98.24626570900702
108.29518357386488,106.81297023881169
88.41007743411949,87.69053609803845
84.59609544532029,83.74453784156421
98.62733606142825,98.50706019764932
111.00358036232008,110.37478539950801
79.01881798449264,78.28321026144425
101.16581416112629,100.95084820914785
90.04953938914765,89.67553780809516
108.65185291063993,108.39176586680898
110.70333728200033,109.66774066328563
111.68293094010625,111.50892946671317
96.7451876683314,95.838392430089
109.61775643202277,109.14698910633182
87.28758530795064,87.08304567756353
101.68432110004234,101.31041826346689
87.01303225419386,86.77445535987756
95.63338985791873,95.51351786702048
73.60936599041673,72.4954162603472
99.65171376698561,99.45984821795948
94.22248906950851,94.12880402477694
91.86331934400378,91.09984483304898
96.37678623626141,96.12649661565095
98.40376273423027,98.19628314932616
118.58882720579875,117.91322805935957
81.28929039341206,80.59780726981545
101.50346615490795,101.1917894516722
95.02077342638609,94.85593505619808
86.2991028884382,85.81689351622833
97.45647585889124,96.96888162646131
115.04125572732686,114.56162379041734
84.60232137415088,84.145350786439
115.42257631160204,114.79826620030232
102.74454306526496,102.2638357775346
83.34560407952392,82.7910076834319
108.98516522306542,108.452585899444
89.3993994101607,88.97035353455217
95.25325906554598,94.97094095188021
96.93563041986607,96.71106418450479
106.22487491647975,105.94268016949593
96.78362730298768,96.58494724213466
97.83433347758965,97.72790859396815
84.01446452028279,83.14502802432463
100.6780828897028,100.28715655519333
98.25883185348016,98.19518665674529
101.32640503895612,101.10749295850815
87.33383663036345,86.79529953910031
89.82644922134423,89.4585387507996
101.69742158500873,101.55781577969272
81.81381056240797,80.59991522992492
88.72090765069441,88.54293592397457
90.09916838598589,89.75224204283712
91.46960299444049,91.16572098290371
97.1729809731236,96.13851529579782
104.79948921753987,104.38843983822656
116.12309852738689,114.45750456162101
103.70245307863945,103.07952291259522
94.09999712016015,93.7197083774888
116.34719952689201,114.65338612331772
92.99142762722484,92.58743305286549
95.29503983649457,95.07488473524089
103.529598180269,102.70299822540596
112.74192800096979,111.63474471563809
106.43578726495944,105.77710716315599
93.25411626543891,93.14815598979676
86.99357237882533,86.70324902628008
109.43559816782572,109.08993008396705
100.6361980281265,100.33839851093296
107.52010161899848,107.05404954955407
116.4763807155707,115.40252173016785
91.68301907938331,91.52548194245269
98.1632870912968,97.97666752626417
115.12520993190014,114.77242673053694
111.26494667787549,110.95982289298237
109.56586887918398,108.80478194543109
95.18566358418236,94.99917285369034
101.71075135392819,100.87009845671176
95.83348716114065,95.58575041792976
105.72364745470625,105.45537052393196
93.00940919298175,92.04922661354148
119.82460848196271,118.21869322367549
85.22485673424826,84.65251267592768
98.47997211898587,97.78105639330934
104.95505118545587,104.03694283974853
106.64572431891743,106.39135563490055
97.99068499066443,97.38917158685119
100.5604111007583,100.41624536031493
103.9045106360436,102.74543245976298
98.93449888183078,98.63211995269323
115.85311274602819,115.41035538091437
110.95496222214146,109.03340921084839
121.79084149333204,121.32719666799758
86.89620487520178,86.2058127874408
89.95249806710342,89.60586547792352
111.07112004250462,110.9406048046835
87.88232890615856,87.46252787437898
101.90619296744093,101.12693514938748
105.89024595689453,105.57336883888904
99.24723494137037,99.07020160566357
85.16029427816216,83.91310769705963
94.41449407526636,94.28726747674537
95.88707689498803,95.4070854467153
128.61308179870218,127.09495655011989
95.36697189697254,95.17997500105656
125.99252111849376,124.21366537866719
102.99404217641917,102.81883654343679
92.18524981295113,91.59228812062074
101.12438847571646,100.51013436062233
107.03585155384447,106.33684332258179
111.37000796912614,111.11386407540307
84.24054769117534,83.47409641950837
93.7661933276503,93.4873654447475
91.38492812389534,90.76765771899302
100.65312309866282,100.33164444617559
107.95186390517281,107.55832222288944
91.44397550159862,91.219842956842
96.3525761995562,96.0960441824335
87.75816502772078,87.50817302792888
84.07998912450259,83.7780441468033
102.81990283480825,102.08212678023412
109.1171164924493,108.63044323305662
122.53023447285247,121.92772341082771
96.39229445305861,96.24492799279624
101.57238257084518,101.40504240740354
100.96171296121136,100.68114884455244
97.57862944708661,97.44275545583413
73.51165367155322,72.43046339846002
116.30824594390783,115.91913484153903
91.65714463841464,91.38482305248927
92.84255593615076,92.70491117369028
91.36219394223464,91.02903860134353
101.51364188523551,101.22738129352373
94.70929738980651,94.49581103397716
90.23664828932962,90.10230835443303
93.85359373006749,93.75544799217154
80.52408277707333,80.13193025090966
94.69916242048978,93.98641676083194
84.64824420875982,84.03763046672377
104.0686926990008,103.79132754578858
104.04710453887442,103.12062356921318
112.03182642157287,111.003766061143
118.06795709531032,117.35317246560226
103.190338278404,102.54671908301346
101.42314507447401,101.14098457808569
104.71922192177762,104.28022313360128
96.14119935960952,95.80905125239217
96.03334029135199,95.32935717401864
105.03802301753129,104.55580383977933
103.51578315517169,103.27998452178873
86.31042272255506,85.72015316229906
100.46003404938268,100.33095477123578
125.85444354435067,124.68671315791082
97.030075496737,96.95334984085856
96.53475890755934,96.46537972557456
115.54841831408682,113.84530256069131
84.51526258850011,83.80234727372233
86.21396316325146,85.30367914303666
97.02506286754044,96.61728037481235
137.88139674740512,134.64449601415114
91.67818818392362,91.23940100300452
93.00758478661278,92.08859216854277
104.30456004002609,104.03636637254466
135.62712477307892,132.82693265990534
93.49426480698091,93.24958155823988
89.37018686952686,88.17346263831182
92.92867559276219,92.65342624896367
82.13946967464315,81.50295575950122
110.51258454117931,110.12645643056274
94.21541614538573,93.96869001529143
90.66607536173996,90.51423402112675
90.50639426185789,90.21430536791078
108.4624757154245,108.07797364604441
105.21263397708297,105.06457800688746
115.22324739742794,114.55530264651843
110.35310290278402,109.92175340350586
91.61592880754422,91.42225059486533
79.3622883989462,77.20891649731462
105.15808632852281,104.69469838125858
87.38662927005461,87.09885367608025
87.4223427727252,87.2568562032643
102.91850047012248,102.49199321507032
110.4429233204281,109.41780238696428
102.5490354649912,102.38341848198591
103.131056975451,102.92212087647998
109.23697110283553,108.84598201418683
98.0598857653259,97.2618058123078
100.83776781955251,100.63621150772012
103.80722815857618,103.73263010483346
111.3503190306058,110.85128903659091
108.48323274814607,108.07445325763914
111.41867236331517,111.03883265089188
101.11122123097371,100.90873647339251
110.26300915025529,108.97947830908771
105.05371163425175,104.39621747997921
100.08293856851834,99.85796231076158
97.05171464093395,96.62733328591372
95.81728778045384,95.67088735834365
93.7496373770672,93.4390636699175
103.62241661903845,103.33878603138561
102.47190967221309,102.27372776038547
101.4940547781114,100.52996776666558
81.9336538329653,80.67799280601433
134.23951840236327,131.6137953277309
87.5939653095996,86.79074920985009
104.56152345553242,104.38074581180136
87.59435040579906,86.12004270032523
100.27755039790577,100.00126356909635
108.17310134019485,107.84316679406874
92.01348664168103,91.13219572531965
96.37883934394787,96.21965730157757
103.06165653642044,102.88879753766882
75.95382418578254,74.80428004533029
96.81233132769593,96.66716744299879
86.18315590434756,85.62937212006051
84.5744289667534,83.59928321189963
99.20454174995477,98.90863630367184
79.58501731135567,78.49119862577784
113.2722660217016,112.20504078672087
83.52461572685087,82.9519192435943
102.43398230119489,102.00743278329082
94.90672885071899,94.35990970772289
97.04047024306352,96.47161458009924
95.6771450825085,95.52022593944162
98.41963538733987,98.00247866163234
103.78583290332507,103.47918350463178
88.0661517832795,87.95979921058033
98.70094085633154,98.38741287220343
87.76988997379986,87.39331328924875
93.17390727477004,92.44477828603928
101.08072494915311,100.69947359932544
82.6637232997066,81.98639062733655
86.58975127999213,86.0240257004279
95.89990406270509,95.69530812491293
103.53645222822985,103.17828817253684
111.47864621191424,110.77342364364542
111.9454848688829,110.26785855513236
100.27123702148171,99.96801837476565
96.65465459626556,96.34881574820542
106.3486546901427,106.16674346056233
91.50710023468154,91.20909566139723
100.08216962652529,99.94054312733219
98.51393462881076,98.23995174318851
89.62651072078732,89.39256987969341
106.17508373633802,105.73902083007886
95.66494867697917,95.49231313842797
129.53385346669617,127.99307095513149
85.49529822257934,83.76583198997609
104.54061061979175,104.4061447785821
96.59278169875928,96.2826311129582
73.65486824993026,71.37242740471987
92.82785499779479,92.7291497836778
105.46781048940234,104.93465433770395
86.55738621071251,85.6323127889412
93.62211843791485,92.99407523791656
90.70841032891931,89.79921245275416
106.19920171111305,105.76717308616993
93.7869302105318,93.44043431002997
88.30597886761268,87.83928920917742
101.21504936677528,101.136184366584
96.68161251786269,96.31849465714676
96.36480850030573,95.93539751475869
81.07164746056672,80.52984484364934
103.94804733545406,103.84342511723794
113.46160453677952,112.25922424640177
88.45003879108683,87.96213200081628
100.97883613844049,100.84941312731647
96.23291348458125,95.99478283652736
90.7948590874554,90.28809131257509
114.12010687396902,111.6250156744696
87.2176573351862,86.64952756348688
87.0386861397725,86.74856077963716
110.4343679927949,109.54553189090015
90.77888519115142,90.33826712465729
88.62478027566891,88.31593409844733
101.45865333908478,100.71044906615799
105.5421785406072,105.3926808833459
102.61644330638578,101.7654074811594
100.53921133372629,100.0901321991641
83.51875048458386,83.09720424865087
108.93858308290206,108.61226346298811
113.0705188142536,112.74172389340501
91.77219483475251,91.18791133776502
91.36586182312716,90.58752287732612
79.65162344253069,77.95229575094005
111.91701784058716,111.51604613815257
100.55719073990082,100.24836579131646
117.58753587172019,117.16509756832751
99.9157241666696,99.5915043257284
102.73051154713418,102.62190028297397
86.67847694646538,85.75674230292576
112.37551378036744,111.84060161775012
95.73812103279252,95.65293724841517
91.50733832921519,91.30772068799602
102.19621295206684,101.79577171520465
109.71092629492803,108.83296799892008
86.62255865788109,85.62209863195555
93.64887810312493,93.49749145454273
95.56448931434942,95.29047795936687
89.80735924290899,88.7098132335023
121.27769920163794,120.70466527459035
104.78334790590768,103.83142812702275
104.18676714652051,104.01784078079307
94.98095835871244,94.3498012692541
125.33812525844598,124.2461763421166
89.34682447038817,88.2069990182928
113.34937774603132,112.79907061200885
96.52017808767577,96.38576481045419
115.65689661972156,114.3664584058946
107.12035114815254,106.4506165779732
111.85934372606782,111.49150588308122
99.98392058679978,99.57556814532964
93.10504478354585,92.57067084165843
94.45962962417096,94.35626494794265
92.34089473195876,92.14461217899023
124.937577123608,121.80124353954035
110.53484223539368,110.13810723488918
86.80868493036583,85.13974279454163
96.71269065375277,96.4625464852171
97.46657223071824,96.31834399487632
109.51293848574855,109.11023159758037
103.25337218573412,102.99324766071653
109.86676989617018,109.48738922922098
96.69449513246941,96.5232941244264
78.34867183261015,76.6284412739331
106.82959866762637,106.67717998619942
94.78449924087882,94.53642001968056
107.58084723849657,107.07415227841089
76.10065673610013,72.56249243759383
115.49076526631204,114.51415282231105
96.79290023237918,96.5456023297196
94.82790788902805,94.64805106421264
89.8782261811173,89.63665963061162
75.2868011263492,74.54929419627588
88.31763424917567,87.6858498630478
100.90672364325542,100.68680030017836
109.2431420621277,108.80151253649038
87.10554945678142,86.91525584303861
94.50049713463326,94.0788774279367
112.41982384781484,112.0272694345056
123.17312127483764,121.38283550747705
81.76827041016345,80.5757467695913
100.6535565851712,100.44287016706582
99.50458104582536,99.33696271466249
84.9101873586192,84.45535513161568
94.99341407613869,94.68088927175462
110.50719286875854,110.00634578760452
107.90445118679449,107.5973538411119
99.65461459526922,99.44783437657767
110.15592914151058,109.55254926990769
122.65519915131298,121.57417858763296
104.45621688271615,103.4669882056544
88.2120891878034,87.95768646274897
97.46054178169958,96.17765406578647
101.85028093059567,101.35307380165311
90.81606727702362,90.7579683866677
109.20519298923276,108.92607165950352
102.00752162130705,101.56401071322439
131.1962507668993,129.01842328653925
100.72750136214665,100.51170872430546
116.00681571677423,115.48639460326181
97.56353620631248,96.91117921995968
100.81455078903834,100.31885375623811
104.03494523438572,103.62909100600666
108.02900024052003,107.07612612513743
92.8519971151675,92.54732915193493
105.09849626027325,104.86881989610424
113.49546069965594,112.42886619248367
98.4106107814943,98.22795987709505
87.73074136594461,86.99940101734742
111.62516118908995,110.97135845881176
85.24237955640947,84.45911189525192
97.6393149603901,96.96629053931457
94.03158280571044,93.46844737586714
111.16200566830933,110.76000530811905
93.38588232834913,92.29386665247826
98.66549736615376,98.13320646805765
93.09714605354681,92.64911074676819
108.32411214439772,107.29867830695274
83.34146726895847,83.0334741726972
88.98067219452895,88.7681397350053
100.4133185756005,100.17753025238787
111.33294223984095,110.1691308391385
101.32344366261586,101.05507920111565
97.62531772919806,97.42596656201319
98.07556119739529,97.6644384195026
93.93623480054305,93.28513539818988
118.53596004974952,117.7449612998038
105.59079535057782,105.22700598956477
108.42042816000641,107.88004594164585
112.18558972534272,111.64306857137522
97.2351404927334,96.7724052769489
103.50633962319348,103.31355666010852
106.8736568556451,106.47727327126408
92.10603184924918,91.81521308499508
108.84343356795797,108.55033904374763
98.00562599222233,97.492648171998
90.63155697201212,90.18978687793273
106.96470415028894,106.44543160831246
87.43341273910973,86.69259806560942
112.12789201800284,111.93768481687823
108.31084494077099,107.45859948452673
92.91129832491079,92.5593782422774
89.71270728260156,89.46652610165542
106.59163480965532,106.2671315567272
93.05010603436632,92.48465088384734
89.85724486578785,89.68454640304056
96.79378704468084,96.58106626188103
100.86370622448462,100.70669093791331
94.73468711822782,94.45683952462007
87.76602682249494,87.47418909016639
91.035658051521,90.93545935754696
100.7890647187948,100.64281287291263
105.02912111373944,104.61088543059384
96.68120700113998,96.62151433620616
99.52282203607315,99.17193483851469
108.38018140349413,108.09615010784522
94.85846312306536,94.62178683651182
111.29783866545945,110.65593437187553
101.02027982760137,100.75719010723097
100.62290308975854,100.23847852160353
111.79856138112594,110.85591483536001
87.92970887050693,87.77975884650249
100.67911785790464,100.29602314342836
113.80536971800453,112.73310625877095
99.98281168366553,99.68369447372059
93.84615491667473,93.6838741671458
122.3021492917809,121.47254775451677
107.05738608578524,106.26972633956814
98.32694609199912,97.31971969404384
96.11213983237892,95.73807320971638
94.86814861846351,94.50970215094388
120.44783608462947,119.33664295874789
84.93758843585582,83.6305829236283
100.66814519455873,100.41920698931995
104.60635070854275,103.91531915227901
86.6852544141979,86.06890083755692
107.52688088779416,107.38049288968612
95.89868411307178,95.62736875009158
119.68999871987562,118.46601850813896
82.46337966203171,81.62192584113949
127.23640240557249,125.15306784293553
96.26892727921347,96.19748336328459
87.39830718279751,84.27059416287624
100.56785363832437,99.74275776216177
94.56137718348835,94.4823856740568
117.25718170875781,116.63858905529939
100.89831206193418,100.69713750060725
92.54118193521052,91.90342242664761
125.29417541052807,124.164388970484
98.82849067918796,98.70802124109828
99.6893898227654,99.42388023456286
96.91462733866588,96.16713231139582
100.43870840510853,99.87742184101211
88.40271968466357,88.25833280959748
111.57140173786199,111.37624973134902
111.8414883354018,110.00625091672576
90.07157674034546,89.92144739695219
105.19398807783868,104.99473161800337
88.56474338231224,88.36650496932121
115.14552448106461,113.65388446135914
105.11333198076713,104.676520863909
86.27201914325464,86.02611996810577
102.85030044975096,102.63672685346967
89.09626400027688,88.75570218056632
107.04408481132855,106.84111347883054
123.15344385089365,121.49081135130605
105.01113397428651,104.52632690650682
92.62036288558335,92.33311874552382
104.23411508607644,103.86738478251883
85.25806792386405,84.52294618624221
94.75458339426969,94.42020297596532
106.37681198274323,106.23887917290554
96.11405786267198,96.03883216772986
93.53065871792077,93.06597449796695
83.19889526462657,82.48141755735271
80.86128232066532,80.30711073918691
103.30025156165728,102.91259480715682
93.08871845801497,92.22408831283991
91.64345716871443,91.29653881375842
97.59776286063268,97.01780681526704
97.00245711426199,96.89425908221992
96.25779983045435,95.82842881112188
98.67637035536,98.09960816462416
88.02612127524847,87.16229629767511
79.3232503729854,78.79105781314863
110.37378303669956,108.95260241803842
88.37679930903649,88.10915951624645
99.17625055340409,98.99682517851046
98.89676158923008,98.35859798311492
115.15110360157959,114.0372817089008
107.77961310672094,107.30341154570009
101.98085284438343,101.61572667639702
95.69491056987802,95.3348700870032
105.14331094182916,104.75233869160382
94.67674641571269,94.56790247943552
89.11470788179089,88.6060485664711
104.95271457175944,104.6808791523571
101.59776904338716,101.4705681137789
100.67433106339304,100.51679204865843
88.80833384769257,88.52029294915869
86.94137177383752,86.48717754365241
89.11868144926359,88.76199739152267
104.44599259297162,104.30603326299561
90.48073042597557,90.12331780165167
96.59133906304156,96.26259463949035
87.88209117159964,87.4709076080018
107.79944988482144,107.40095415679122
108.19622112610132,107.83520828320374
91.53777473171976,91.2501048136282
104.73251368703455,104.37788374111106
74.8419079400438,73.68921391798372
97.01917759286941,96.76564566578601
98.46874874075277,98.37797208457026
88.20018348808068,87.9630433853673
96.59074616776418,96.03741598419964
101.02010494859641,100.652956968539
95.51302857054829,95.17021933459428
105.8554948606685,105.54935620450918
98.87899529887986,98.46651474720468
123.51190061641137,122.36998890982434
85.17491419540048,85.00770474530245
90.83471020357734,89.33602040943725
99.36113434847194,99.15349644686567
109.4977259850804,108.88562377222848
109.69821141920305,109.30262473812832
92.79797499822313,92.43139643240917
110.64393840844028,109.99130309287095
81.23730942625535,80.26768908390713
127.89147775445096,122.13383494768529
98.56016741008912,98.3841596374336
101.0217710454226,100.33982901150962
105.74953140057903,105.34363113861653
104.4990840994527,103.7614538631207
105.13583619232755,104.8749976193974
110.93939463300758,110.78578056503133
97.3048079239395,97.11629689365407
96.91689682241763,96.6073548244595
108.0504946643483,107.32949385686616
110.76371965112509,110.31860333529433
98.02055509222103,97.76627229639676
101.87920977006195,101.55329170464962
92.79913118437722,92.61352960013058
92.35518750807195,92.14325546860368
113.26089908778235,112.48699355864791
91.19903040110763,90.96284637463489
99.70134950658525,99.60491665055616
100.31660473170336,100.04557641862702
105.35727005286442,104.91481854278224
104.06433696677584,103.3796765933816
77.88077870250842,77.29277728369362
102.4403706293626,102.07439293211306
98.54349843390206,98.31617931749645
102.24044677262819,101.87181510523428
98.91960984485644,98.82924887167327
101.40577575722189,100.72212822640441
99.18846121527156,98.86615905024891
89.30096404673057,88.1239862453183
95.90449782380752,95.58691074914665
90.84082168247855,89.98890907649972
96.13403479446328,95.99419353381094
86.1698557075454,85.56606677525127
110.72361171542423,110.39027333870764
98.24225348642733,98.104939216508
101.90120762794271,101.59014253792785
112.48385693706516,111.82229847730682
95.11712788781192,94.41260220725803
80.16555678126981,78.73507616361346
93.11093975412314,92.96763292920431
92.84718533270407,92.64608677491283
99.54474818223278,99.42708034641664
82.09542903094638,81.22462148390156
80.50836518560159,80.14305830073698
110.33147607460955,109.87526788989003
80.44978880760023,80.11986920106413
92.95465250143494,92.62711776545346
102.09981243584772,102.0132951212888
103.78415424824226,103.734882220393
79.53198032662361,78.58443676152346
91.67553984601246,91.31066500820589
101.48367308759029,100.88506686946866
114.53423588836945,114.35009460851386
101.09201699574167,100.81744271183155
105.73351104627892,105.64541038935066
88.2970732098063,88.01843742999158
92.05327086024796,91.76480819714227
98.84894504197558,98.6830331036794
111.66697001608145,111.09636600782086
91.38300935935851,91.19824812477478
108.98286717286751,108.53588769978016
97.16972545017187,96.19074842631912
105.07597440647284,104.93451373240612
94.88766265233896,94.49215281219394
102.3150069867857,102.18012668993292
92.1246421078762,91.85285926539795
100.97937023617966,100.82083684275119
88.06091859527135,86.73257613451327
103.82325568885614,103.53045109192034
104.17633797394187,103.8938262572965
88.47938104095996,87.86520664260102
65.90040341821067,62.51004905656467
128.4663180309874,127.14818798480908
88.56605605803065,88.36809516344417
102.32235182340968,101.89958587273232
81.36815223942811,80.58954102579527
103.72551832218726,103.25616256428592
73.29490393392545,72.27874206142518
94.22760856797736,93.86143648144534
95.33333292084592,94.7502872399
92.00295129062089,91.3656434049903
113.9680844704348,113.38263265808943
91.59768622394351,90.87808452832411
104.89804302708282,104.75766744212055
89.82397550525313,89.20269170168015
97.24513653887705,96.86301430613733
103.92904578835572,103.2466050471765
110.9752201449308,110.6090096232635
99.10750058074332,98.80970783055865
99.80840845377556,99.44986528805502
100.39560472845143,100.23618634504157
82.88655810767871,82.01809732228271
97.38421880568629,96.9946396480998
92.69257753334517,91.73269221119128
105.33167594444511,105.00550283089275
99.81610349307707,99.44619862828594
90.79321755494134,90.6625212703118
98.4756044008377,98.19562421640305
103.31505762423507,103.01594681466088
87.64507623254599,87.31420189322125
99.62862907590481,99.35508425029036
105.54486127162575,105.16107629604376
110.14552932359744,109.53105574694456
103.3565031544407,103.15384988806225
81.80762120225342,81.23060626439506
99.85402025385994,98.70100413692569
102.34410519772888,102.15030732600215
111.50525102564592,110.946307300713
95.06848448342305,94.67740190066202
110.3833941522093,108.91087984757095
101.53680176444327,101.35098685686629
97.78230366831829,97.27076114520496
86.39390798780369,85.06913324001252
87.89248866622124,87.64510226857445
83.73853531172004,81.89699177309153
93.53100360740784,93.41305230117973
115.45848996697414,114.00939268279545
86.08005693204252,85.68904322846672
100.50280202275012,100.15574856317424
84.04711449938613,83.09902211673321
101.92574518320004,101.2843393359304
97.85834769902544,97.63562235330184
90.49379188565926,90.20022447268742
108.44278838759692,107.11072537690187
82.7046869181526,82.38673681878332
99.99259662307925,99.81943264286964
91.58957545101032,91.39458210316154
129.1336695585216,127.59592464201867
97.53513162198503,97.14885634224358
85.2841155799149,84.86491562540843
110.26025445915042,110.09611390179656
100.48798703742004,100.19272252486704
104.03461787000825,103.89735204736559
109.80252950438908,109.08546584524323
94.78490366850693,94.66891875040109
106.54263616252436,106.34813320372388
100.04667317253198,99.92073671675871
105.16459114194163,104.69616158207897
97.12857677424384,97.05445629104277
95.03076112822555,94.79060195851444
82.88096701722063,82.61031061021589
106.79310870121702,105.69897439356278
91.59952455888649,90.95767060115534
96.64675447819977,96.5139843186075
84.38767915889952,84.1149973025489
99.48539319654921,99.35101089022075
97.13089038041214,96.63072185908986
86.79970648041562,86.40288143813773
107.16341794184451,106.99861703255976
107.48632273317536,107.13622488912226
116.64674326103285,115.2698694131685
101.80566790255571,101.34947712321514
103.43940019427563,103.30484456792637
103.61321320592998,103.10017629490505
94.20020760605902,94.02275725786981
102.39949396784617,102.2606736562155
117.07629311223536,116.64777830930966
119.94298269207687,118.95233585835437
95.4712895675572,95.12204752321449
100.48223066181903,100.38563040365113
103.38597775937752,103.15475953627234
106.51505298116287,106.0415762484429
86.79347990909649,85.09193504719909
104.13873040006938,103.86800332802194
102.89182677598829,102.26438839237917
110.68937125480265,110.14565007910512
104.9630464654386,104.77860399470364
92.37770718584203,92.27001849683252
103.8165855544037,103.01537921328523
116.00450734894929,114.25488084267683
107.11559150356709,106.83448525560058
92.3337738137352,92.18164885720441
97.35232084237565,97.23298979844614
109.84553605704538,108.2959386987102
82.53438252231531,82.05341354809512
83.54218846155554,83.3663444912917
111.7715689864381,110.78235157869608
97.7918714651548,97.49499450690251
89.67528737332782,88.95030061295267
119.97721100031234,118.77986470581435
89.15756585105774,88.7394769025148
97.54651798409714,97.28519728789968
80.02159586979471,78.44455952583668
111.77941486586126,111.38400165029621
104.16964265830464,104.03503676379992
105.73565450361049,105.48400836499034
109.30424917909383,108.8411752418295
92.8980182391595,91.72358053005004
101.32260959074921,100.77464845348311
101.19354167781403,100.77560394111185
98.66198270467696,98.20097761663705
112.47531418650026,112.06455464435668
111.24283543065326,110.31329800995213
92.50108106498523,92.25606307732751
97.66913514485996,97.04845812882087
104.93053201821597,104.4660661622086
117.13277454866457,115.39430335075406
100.8138392355607,100.64931633438295
97.69779470147058,97.22042856011382
92.24731983867947,91.09031420254493
89.64873263160247,88.85160513002855
85.5986519504942,83.42303441077496
98.87109087476045,98.7464107628796
78.9081784760777,77.91362750401774
96.70428116573245,95.85566980326541
102.75388309513852,102.49363542565759
95.94267187974025,95.65007813643358
98.55342232533906,98.48210575492675
115.86427555900157,115.02909704864953
109.61533315934001,109.33091155986824
108.73482409129335,107.7235902995816
95.73440550775173,95.44838166559128
99.20331081182688,98.49451318303814
86.63841596334399,86.2416988635946
91.17256268109901,90.37716689330573
97.7744862953873,97.1780675329175
129.05395966979165,126.81351501928266
114.65861878374957,114.19599903034457
93.52155148268157,93.35222719246077
119.6253806665124,118.86798573346972
99.83074818192975,99.3367769128306
101.91738932245002,101.04127220678437
96.7838229554461,96.67106501651915
90.34076544507425,89.95421371759485
81.40926716763364,80.04831018665661
111.73228835229393,111.24841474103876
110.09446994575812,109.8853325483135
97.79724218611285,97.33484243014107
110.28127978696169,109.9173970334751
92.66137966690715,92.59424423142625
104.45919578932053,104.25827559860767
108.52397810623556,107.89405246136039
105.81054106465211,105.40686171448411
84.32663828976249,83.56441007946758
110.41480378843167,110.10853293735099
86.57937931189376,86.40834026053776
105.9236170865751,105.50494772987015
94.19983629977118,93.20082798332594
104.51515925818681,103.914885053797
103.65846168680706,103.06786420780827
85.32429298973962,84.8548142933825
99.14672959624737,99.0643169055856
84.90847465705014,84.57030302026739
90.7076327562995,90.51377918107717
122.8477381545204,121.18183623533669
124.36506203046731,123.01474808121672
83.57898485470116,82.92634294809392
103.79463780853452,103.63629365899108
95.87735256779769,95.7700243938392
99.95325793547627,99.90046472476368
82.82884364672965,82.45765249102263
90.41564040741177,89.67024830039927
87.38377176755746,86.8888502349068
101.63272032938947,101.21258791501205
112.28517192274084,112.06753719978077
88.59417709873932,87.69684033358556
97.15853743382537,96.97684207989144
90.5673959799622,90.14596479410883
105.6359372170933,105.40207828185815
101.61225591114635,101.38770988677457
84.04712434625613,83.61130434291657
111.69464699231109,110.14672738123339
89.22771071382655,88.42034051611598
99.50785560627013,99.19646057086865
81.74596998243227,81.1649799902773
106.80797789070131,106.6010078081377
98.17907722329957,97.82806191675037
86.9723895763312,86.57731693167612
92.18771145648552,92.04656129540172
84.85689103214611,84.50900564830545
92.66662422161296,91.81808526809537
84.75853174095316,84.26279052648668
102.53040397468857,102.40881441251113
96.7032336269374,96.4409220027776
99.11234016323023,98.76531622269069
100.04905847161436,99.84229610916125
95.04547845071623,94.7678077774031
88.46002399810924,88.0639906136434
94.78217071482973,94.63710786146854
95.99396187864238,95.71036528032053
105.85761773223462,105.62044731143995
99.10825028187638,98.78764154423381
106.23893714237266,105.9111570289314
86.91903049204781,86.48238351198547
82.99067761979066,81.92913423481437
111.0579700683098,110.62588112930533
104.84403521183488,103.51090573923663
76.69291073483791,75.89699641012487
99.68574191050241,99.10775400116462
95.75016759144593,95.59984578495268
100.58230014792544,100.42843168318063
132.20925187855724,129.6551405454331
84.05730773629891,82.95855421127689
101.68280254524554,101.42836194764013
94.17781266274429,93.80551040768506
99.54645008946277,99.41742149296675
102.48505660403296,102.07816826728939
104.13529271946507,104.04597377254545
106.09228046622272,105.77201714248389
107.96712445298202,107.71739003543422
97.41097902612536,97.27482307920998
99.38370615200371,99.29077105170754
96.83252474945326,96.62599611310738
85.520688122317,84.72998252446402
115.94158364653637,114.33715723231836
82.03778717088461,81.10165823119874
104.6583307014124,103.92748913064806
77.11024091915925,74.7175951395385
101.77238480460814,101.4544818766473
119.21783468042057,118.70241289413791
97.26278831687088,96.96240426430874
99.42567707612193,99.11027970952735
115.97805336081629,115.63184584221788
113.55349817169842,113.05843224482264
92.91626085741503,92.47694101534472
92.99220250587312,92.65411475397087
100.0303816375534,99.88938547078641
100.48137490481355,100.25344637551538
95.32009937612308,95.02227681114789
94.71241399747765,94.26570458482148
80.52840371548797,79.31181394742393
97.31841483932976,97.09595198123826
105.60361585423583,105.118533279123
105.90140199918545,105.60318434133256
99.77557119074638,99.16785378723354
81.79672103345932,79.56234619998209
88.5767785430459,88.30027041928399
73.2815548184603,71.31750663584295
105.23542434261472,105.08474267170052
111.43140056579472,111.12569228307981
101.3654958287441,101.19171064741236
97.20688708866555,96.82510688661314
89.14247601806532,88.40023300352354
103.62034278878326,103.27015476279908
88.6187858028266,88.37798002533482
94.06857664124493,93.83394732015219
96.77029917030941,96.66699149590922
90.20703356308411,90.07862656129151
97.91792674115896,97.81269147005194
103.32085429769688,103.23330160083862
84.25001355304514,83.72345076816106
115.63895732438665,114.86464549563195
106.2688168871953,105.92510249718462
110.7325607681812,110.17818246035361
97.05079173968473,96.85280689651165
101.46568585917062,101.25630101320212
100.47715946914555,100.28932570547661
96.79689240167423,96.46078532537538
96.76948403086448,96.39664868913871
79.23273914664276,78.55295744192041
81.0168593629764,80.44982322657769
91.98601790982845,91.67133420540759
86.29455252563469,85.89523260297626
97.96397065102394,97.28772954832436
89.04509005087866,88.33578350806691
106.77906833992236,106.51779249708176
108.27233388364677,107.75357533409644
111.70432650496511,111.14146376668047
110.29361259657517,109.22286982087111
82.05678680010799,79.63981745072523
98.82257787026886,98.68871575018859
104.45946861210962,104.31410277996866
83.91078304680865,82.68241156145761
97.36629056516817,97.25012285994708
92.50247922135442,92.22707937612796
95.52864008426869,95.3358879996226
106.86558204927773,106.49556043237826
89.61598365164225,89.4624314126157
94.83069821859954,94.50667433088887
99.13466142438382,98.95996289676317
105.00593155059283,104.46217279458718
95.2277306597872,95.09063840862568
97.62437023240463,97.33069186254812
90.87548087767192,90.63335832930797
114.78361636120712,114.4291727918379
93.63304192884509,93.45905950426722
117.50193083398455,116.88338514926822
106.92559424409123,106.6073116237967
88.7052590041369,88.45327379060534
114.76720253696404,114.49812374119173
87.46544968499757,87.28784027750797
119.37274167154047,117.40216665344664
127.04172448082312,125.16281239547996
96.97362243656703,96.89349312485463
79.92996402728875,79.02459937536975
98.25945430883233,98.20073877863659
91.51831338102033,91.302003068631
95.97501663856909,94.17926724779424
105.4917003022745,105.393815808332
101.70884706757106,101.45709978593229
110.39457503362665,109.71771892732592
111.28800708459674,110.95782798224495
98.38949849454872,98.11225975366814
96.48380321086533,96.04172459699532
112.42910308460553,112.02991239096293
99.8649893905472,99.75832701025277
109.06440646991466,108.5639498467201
83.34085374128969,82.78936085648529
125.51055374362629,124.29321203288822
108.11238335621869,107.45483878158497
103.76899183936153,103.10163615490417
100.3083043600958,100.15405341713803
102.64247171154166,102.29268326023927
98.66837711182482,98.42534760315846
105.1441763816367,104.61287283723898
102.65939650948157,102.34358252243763
111.33328163939765,110.51652339107268
115.6089841773581,115.06377357935986
90.40911742451254,90.30336373171794
131.005319739268,127.69131233322814
95.39491390003995,95.33763560229522
93.94225065117438,93.78750764054325
109.7328129925374,109.37439977927869
98.87679802826855,98.55511762658399
87.89221867913216,87.57395397520135
